{
  "urls": [
    "cuckoo-sprite.ogg",
    "cuckoo-sprite.m4a",
    "cuckoo-sprite.mp3",
    "cuckoo-sprite.ac3"
  ],
  "sprite": {
    "cuckoo 2": [
      0,
      2314.739229024943
    ],
    "cuckoo 3": [
      4000,
      3847.2562358276646
    ],
    "cuckoo 4": [
      9000,
      642.9024943310661
    ],
    "cuckoo 5": [
      11000,
      2082.5396825396824
    ],
    "cuckoo 6": [
      15000,
      3710.8390022675726
    ],
    "cuckoo 7": [
      20000,
      5214.331065759638
    ]
  }
}